物质,EC50值,EC50值(LG),R²值
维生素C,0.027242997017995187,-1.5647451171417561,0.9805315126486548
桂花果提取物,0.022043553115483613,-1.65671840192196,0.9998578301303332
