物质,EC50值,EC50值(LG),R²值
维生素C,0.02748406895822336,-1.5609189704739352,0.9837846138121531
余甘子提取物,0.07321796773463947,-1.135382329727646,0.9861289333485449
