物质,IC50值,IC50值(LG),R²值
维生素C,0.09113733398027032,-1.0403036798855874,0.9704733037102279
接骨木莓花青素,0.08735181703597489,-1.0587280566742983,0.9482143651922553
