物质,EC50值,EC50值(LG),R²值
维生素C,0.027242997017995187,-1.5647451171417561,0.9805315126486548
蓝莓花青素,0.01921010099921076,-1.7164703517814817,0.9997538634769276
