物质,IC50值,IC50值(LG),R²值
维生素C,0.09113733398027032,-1.0403036798855874,0.9704733037102279
杨梅粉,0.12622992826815987,-0.8988376645787193,0.8539314550400657
