物质,EC50值,EC50值(LG),R²值
维生素C,0.027227058900343857,-1.5649992691388026,0.9805605019286213
余甘子提取物,0.1831344895342317,-0.7372298577526017,0.9999746108430781
