物质,EC50值,EC50值(LG),R²值
维生素C,0.027227058900343857,-1.5649992691388026,0.9805605019286213
蓝莓花青素,0.18802872535037002,-0.7257757980332437,0.9997953572100968
