物质,EC50值,EC50值(LG),R²值
维生素C,0.027227058900343857,-1.5649992691388026,0.9805605019286213
桂花果提取物,0.2160402992279469,-0.6654652298681808,0.9998630877744058
