物质,EC50值,EC50值(LG),R²值
维生素C,0.027242997017995187,-1.5647451171417561,0.9805315126486548
接骨木莓花青素,0.020824004876282744,-1.6814357432016231,0.9997618871639352
