物质,EC50值,EC50值(LG),R²值
维生素C,0.02748406895822336,-1.5609189704739352,0.9837846138121531
黑枸杞粉,0.07107724098001816,-1.1482694386383905,0.10401203900582967
