物质,EC50值,EC50值(LG),R²值
维生素C,0.027227058900343857,-1.5649992691388026,0.9805605019286213
杨梅粉,0.1537309036958925,-0.8132388198424811,0.9990461612440491
