物质,EC50值,EC50值(LG),R²值
维生素C,3.586431225995129e-07,-6.445337492852297,0.9989173524593065
桂花果提取物,0.2719266922406261,-0.5655481601070678,0.9950349748733506
