物质,EC50值,EC50值(LG),R²值
维生素C,3.586431225995129e-07,-6.445337492852297,0.9989173524593065
杨梅粉,0.07161377157965325,-1.1450034533075415,0.9956745158151109
