物质,EC50值,EC50值(LG),R²值
维生素C,0.02748406895822336,-1.5609189704739352,0.9837846138121531
杨梅粉,0.07161377157965325,-1.1450034533075415,0.9956745158151109
