物质,IC50值,IC50值(LG),R²值
维生素C,0.09113733398027032,-1.0403036798855874,0.9704733037102279
黑枸杞粉,0.5513371080675791,-0.2585827760920554,0.7588877383981862
