物质,IC50值,IC50值(LG),R²值
维生素C,0.09113733398027032,-1.0403036798855874,0.9704733037102279
余甘子提取物,1.1254767327467345,0.05133652115426296,0.006982497438642321
