物质,IC50值,IC50值(LG),R²值
维生素C,0.027852007674067703,-1.5551434938352195,0.9835519732911304
杨梅粉,0.12622992826815987,-0.8988376645787193,0.8539314550400657
