物质,EC50值,EC50值(LG),R²值
维生素C,0.027242997017995187,-1.5647451171417561,0.9805315126486548
杨梅粉,0.01718231927840825,-1.7649182152526177,0.998942490805807
