物质,EC50值,EC50值(LG),R²值
维生素C,0.027242997017995187,-1.5647451171417561,0.9805315126486548
黑枸杞粉,0.015027248728042904,-1.8231205251751348,0.9985610081663151
