物质,IC50值,IC50值(LG),R²值
维生素C,0.09113733398027032,-1.0403036798855874,0.9704733037102279
蓝莓花青素,0.18827884109831478,-0.7251984835445119,0.42842695810966647
