物质,EC50值,EC50值(LG),R²值
维生素C,0.027227058900343857,-1.5649992691388026,0.9805605019286213
黑枸杞粉,0.14437177635156434,-0.8405176999298922,0.998671566628003
