物质,EC50值,EC50值(LG),R²值
维生素C,0.02748406895822336,-1.5609189704739352,0.9837846138121531
蓝莓花青素,0.1409104776917431,-0.8510567128201996,0.9895347233896177
