物质,IC50值,IC50值(LG),R²值
维生素C,0.027852007674067703,-1.5551434938352195,0.9835519732911304
黑枸杞粉,0.5513371080675791,-0.2585827760920554,0.7588877383981862
