物质,EC50值,EC50值(LG),R²值
维生素C,3.586431225995129e-07,-6.445337492852297,0.9989173524593065
余甘子提取物,0.07321796773463947,-1.135382329727646,0.9861289333485449
