物质,EC50值,EC50值(LG),R²值
维生素C,0.027227058900343857,-1.5649992691388026,0.9805605019286213
接骨木莓花青素,0.20030104070637608,-0.6983167942318245,0.999785839354621
