物质,IC50值,IC50值(LG),R²值
维生素C,0.027852007674067703,-1.5551434938352195,0.9835519732911304
接骨木莓花青素,0.08735181703597489,-1.0587280566742983,0.9482143651922553
