物质,EC50值,EC50值(LG),R²值
维生素C,0.027242997017995187,-1.5647451171417561,0.9805315126486548
余甘子提取物,0.018531848110792587,-1.7320812679829642,0.9999577312164054
