物质,IC50值,IC50值(LG),R²值
维生素C,0.027852007674067703,-1.5551434938352195,0.9835519732911304
桂花果提取物,0.2685720861303152,-0.5709391274437021,0.992868499690699
