物质,IC50值,IC50值(LG),R²值
维生素C,0.027852007674067703,-1.5551434938352195,0.9835519732911304
蓝莓花青素,0.18827884109831478,-0.7251984835445119,0.42842695810966647
