物质,EC50值,EC50值(LG),R²值
维生素C,3.586431225995129e-07,-6.445337492852297,0.9989173524593065
蓝莓花青素,0.1409104776917431,-0.8510567128201996,0.9895347233896177
