物质,EC50值,EC50值(LG),R²值
维生素C,0.02748406895822336,-1.5609189704739352,0.9837846138121531
接骨木莓花青素,0.1251397190760158,-0.9026048242975507,0.9904284800877177
