物质,EC50值,EC50值(LG),R²值
维生素C,3.586431225995129e-07,-6.445337492852297,0.9989173524593065
接骨木莓花青素,0.1251397190760158,-0.9026048242975507,0.9904284800877177
