物质,EC50值,EC50值(LG),R²值
维生素C,3.586431225995129e-07,-6.445337492852297,0.9989173524593065
黑枸杞粉,0.07107724098001816,-1.1482694386383905,0.10401203900582967
