物质,EC50值,EC50值(LG),R²值
维生素C,0.02748406895822336,-1.5609189704739352,0.9837846138121531
桂花果提取物,0.2719266922406261,-0.5655481601070678,0.9950349748733506
