物质,IC50值,IC50值(LG),R²值
维生素C,0.027852007674067703,-1.5551434938352195,0.9835519732911304
余甘子提取物,1.1254767327467345,0.05133652115426296,0.006982497438642321
