物质,IC50值,IC50值(LG),R²值
维生素C,0.09113733398027032,-1.0403036798855874,0.9704733037102279
桂花果提取物,0.2685720861303152,-0.5709391274437021,0.992868499690699
